area	source	target	status	judge	gap
AI message and stream contracts	packages/ai/src/types.ts	pi-ai	complete	Gradle tests and provider stream oracle
Built-in model catalog	packages/ai/src/providers/data	pi-ai	complete	Catalog checksum, runtime tests, and model catalog oracle
Provider protocols	packages/ai/src/api	pi-ai	complete	Provider payload, stream, OAuth, and image-generation oracles
Agent loop	packages/agent/src	pi-agent-core	complete	Agent loop and session tests
SQLite session storage	packages/storage/sqlite-node	pi-storage-sqlite	complete	SQLite repository tests
CLI argument and print modes	packages/coding-agent/src	pi-coding-agent	partial	CLI and auth help oracle plus credential-print, CLI, and package-command tests	API-key login, self-update/config workflows, and several parsed flags remain incomplete
Context, skills, and prompt templates	packages/coding-agent/src/core/resource-loader.ts packages/coding-agent/src/core/skills.ts packages/coding-agent/src/core/prompt-templates.ts	pi-coding-agent	complete	Resource loading oracle plus CLI, RPC, nested-worktree, and resource tests
Project trust	packages/coding-agent/src/core/project-trust.ts packages/coding-agent/src/core/trust-manager.ts	pi-coding-agent	complete	Resource loading and extension runtime oracles plus trust-store, startup, and interactive tests
Package management	packages/coding-agent/src/core/package-manager.ts packages/coding-agent/src/package-manager-cli.ts	pi-coding-agent	partial	Package resources oracle plus settings, resolver, package-command, and failed-install cleanup tests	Config selector, self-update, legacy global npm lookup, available-update checks, and remaining git/npm recovery paths remain incomplete
Extension runtime	packages/coding-agent/src/core/extensions	pi-coding-agent	partial	Extension runtime, renderer, shortcut, and jiti compatibility oracles plus host, startup, provider callback, auth storage, CLI, RPC, TUI, installed PTY, and server-stream tests	Official jiti 2.7 transpilation and module loading, extensionless/directory resolution, ESM/CommonJS interop, local TypeScript and bare-package dependencies, common virtual imports, tools, commands, flags, shortcuts with upstream conflict resolution and JLine dispatch, message/session-entry renderers with first-wins selection, live and persisted output, fallback and hiding semantics, lifecycle/tool hooks, pre-trust project_trust, resources_discover composition, serializable and direct native provider registration, request-bound and unsolicited background tools/commands/flags/providers refresh, live scopedModels, awaited dialogs with blocking TUI timeout/AbortSignal interruption, user_bash direct results and function-valued BashOperations, native stream/streamSimple, legacy extension OAuth login/refreshToken/getApiKey/modifyModels, native API-key login/check/resolve with auth context, function-valued refreshModels(context.store), arbitrary top-level OAuth fields, provider cancellation/lifecycle cleanup, and fire-and-forget UI actions are migrated; custom UI remains
Themes and resource composition	packages/coding-agent/src/modes/interactive/theme packages/coding-agent/src/core/resource-loader.ts	pi-coding-agent	partial	Package, resource-loading, and extension runtime oracles	Package manifests, filters, settings overrides, package-sourced skills/prompts/themes, and extension-provided skill/prompt/theme composition are migrated; theme parsing and rendering are missing
Interactive terminal	packages/tui packages/coding-agent/src/modes/interactive	pi-tui pi-coding-agent	partial	PTY smoke and utility tests	Full-screen components, overlays, editor, and transcript parity are missing
HTML export	packages/coding-agent/src/core/export-html	pi-coding-agent	partial	Exporter tests	Theme, Markdown, and syntax highlighting parity are missing
RPC and server	packages/coding-agent/src/modes/rpc packages/server	pi-coding-agent pi-server	partial	RPC and server integration tests including extension UI routing, concurrent bash cancellation, EOF cleanup, and stale subscription ownership	Process recovery and full command/event parity are incomplete
